﻿{
    "indexes": [
        {
            "collectionGroup": "rbts",
            "queryScope": "COLLECTION",
            "fields": [
                {
                    "fieldPath": "client",
                    "order": "ASCENDING"
                },
                {
                    "fieldPath": "site",
                    "order": "ASCENDING"
                },
                {
                    "fieldPath": "running_status",
                    "order": "ASCENDING"
                },
                {
                    "fieldPath": "updatedAt",
                    "order": "DESCENDING"
                }
            ]
        }
    ],
    "fieldOverrides": []
}